-- 医師データ
INSERT INTO doctors (doctor_id, name, department, speciality, is_active) VALUES
(1, '山田太郎', '内科', '循環器', true),
(2, '鈴木花子', '小児科', NULL, true),
(3, '佐藤健一', '外科', '消化器外科', true),
(4, '田中美咲', '内科', '糖尿病', true),
(5, '高橋誠', '整形外科', NULL, true);

-- 患者データ
INSERT INTO patients (patient_id, name, birth_date, gender, phone, first_visit_date) VALUES
(1, '大野智', '1980-01-15', 'M', '090-1111-2222', '2023-10-01'),
(2, '松本潤', '1975-08-30', 'M', '090-2222-3333', '2023-11-15'),
(3, '二宮和也', '1990-06-17', 'M', '090-3333-4444', '2023-12-01'),
(4, '相葉雅紀', '1982-12-24', 'M', '090-4444-5555', '2024-01-10'),
(5, '櫻井翔', '1988-03-08', 'M', '090-5555-6666', '2023-10-20');

-- 予約データ
INSERT INTO appointments (appointment_id, patient_id, doctor_id, appointment_date, start_time, status) VALUES
(1, 1, 1, '2024-01-05', '09:00:00', 'completed'),
(2, 2, 1, '2024-01-05', '10:00:00', 'cancelled'),
(3, 3, 2, '2024-01-05', '09:30:00', 'completed'),
(4, 4, 2, '2024-01-06', '11:00:00', 'completed'),
(5, 5, 3, '2024-01-06', '14:00:00', 'cancelled'),
(6, 1, 1, '2024-01-12', '15:00:00', 'completed'),
(7, 2, 3, '2024-01-12', '16:00:00', 'completed'),
(8, 3, 4, '2024-01-13', '10:00:00', 'cancelled'),
(9, 4, 5, '2024-01-13', '11:00:00', 'completed'),
(10, 5, 1, '2024-01-15', '14:00:00', 'completed');

-- 診療実績データ
INSERT INTO medical_records (record_id, appointment_id, patient_id, doctor_id, visit_date, diagnosis_code, treatment_details, fee) VALUES
(1, 1, 1, 1, '2024-01-05', 'E11.9', '定期検査、投薬', 5000.00),
(2, 3, 3, 2, '2024-01-05', 'J00', '感冒治療', 3500.00),
(3, 4, 4, 2, '2024-01-06', 'J02.9', '扁桃炎治療', 4000.00),
(4, 6, 1, 1, '2024-01-12', 'E11.9', '経過観察、投薬', 4500.00),
(5, 7, 2, 3, '2024-01-12', 'K35.80', '術後経過観察', 8000.00),
(6, 9, 4, 5, '2024-01-13', 'M54.5', '腰痛治療', 6000.00),
(7, 10, 5, 1, '2024-01-15', 'I10', '高血圧治療', 4500.00);
